Algoritmo,Custo_Total,Impacto_Ambiental,Tempo_Total_Segundos,Num_Fornecedores_Distintos,Selecao_Fornecedores,Eh_Incumbente
MO-SMAC-PE,703.490386,3.232644,2790.41,13,[56 398 91 64 362 32 266 12 43 449 50 495 480],1
MO-SMAC-PE,697.219477,3.579027,2790.41,12,[83 387 96 28 373 102 266 45 47 387 388 489 475],1
MO-SMAC-PE,697.325341,3.453157,2790.41,13,[61 409 47 87 489 454 266 25 60 389 53 492 497],1
MO-SMAC-PE,673.425134,3.867072,2790.41,12,[119 471 12 73 434 28 266 8 28 394 182 30 461],1
MO-SMAC-PE,699.650367,3.329201,2790.41,12,[85 432 78 78 434 3 266 1 12 387 50 344 474],1
MO-SMAC-PE,703.525269,3.183973,2790.41,13,[56 406 91 496 305 32 266 12 43 463 50 495 480],0
MO-SMAC-PE,715.271643,2.834921,2790.41,12,[87 378 27 88 53 54 266 500 59 393 54 488 480],1
MO-SMAC-PE,750.697952,2.755873,2790.41,12,[59 403 39 219 29 207 266 492 57 475 54 488 475],1
MO-SMAC-PE,706.273445,3.153135,2790.41,13,[96 447 3 75 26 115 266 499 56 400 50 401 452],1
